{
	"id": "73c3f0ed-3971-4796-9402-d274d9c10604",
	"name": "SPRING_BOOT_JAVA_ERUDIO",
	"values": [
		{
			"key": "baseUrl",
			"value": "http://localhost:8080",
			"type": "default",
			"enabled": true
		},
		{
			"key": "username",
			"value": "leandro",
			"type": "default",
			"enabled": true
		},
		{
			"key": "password",
			"value": "admin123",
			"type": "default",
			"enabled": true
		},
		{
			"key": "accessToken",
			"value": "",
			"type": "any",
			"enabled": true
		},
		{
			"key": "refreshToken",
			"value": "",
			"type": "any",
			"enabled": true
		}
	],
	"_postman_variable_scope": "environment",
	"_postman_exported_at": "2022-05-16T20:39:42.097Z",
	"_postman_exported_using": "Postman/9.18.2"
}